NEW Winter Trousers 3;45.9;Heavy trousers for low temperatures;TROUSERS;7001;266;229.5
NEW Winter Shirt 3;69.9;Heavy shirt for low temperatures;SHIRTS;7002;8;559.2
NEW Winter Jacket 3;89.9;Light jacket for low temperatures;JACKETS;7003;11;988.9
NEW Golden Belt 3;112.9;Golden Belt to hold up your trousers;ACCESSORIES;7004;15;1693.5
NEW Leather Trousers 3;399.9;Heavy weight leather trousers;TROUSERS;7005;14;5598.6
NEW Summer Shirt 3;22.9;Light shirt for low temperatures;SHIRTS;7006;455;91.6
NEW Summer Jacket 3;59.9;Light jacket for low temperatures;JACKETS;7007;0;0.0
NEW Silver Belt 3;77.9;Silver Belt to hold up your trousers;ACCESSORIES;7008;3;233.70001
NEW Green Trousers 3;12.9;Green trousers;TROUSERS;7009;3;38.699997
NEW Green Shirt 3;14.9;Green Shirt;SHIRTS;7010;3;44.699997
NEW Green Jacket 3;27.9;Green Jacket;JACKETS;7011;3;83.7
NEW Green Belt 3;24.9;Green Belt;ACCESSORIES;7012;7;174.3
NEW Yellow Trousers 3;17.9;Yellow trousers;TROUSERS;7013;5;89.5
NEW Yellow Shirt 3;24.9;Yellow Shirt;SHIRTS;7014;10;249.0
NEW Yellow Jacket 3;19.9;Yellow Jacket;JACKETS;7015;6;119.399994
NEW Yellow Belt 3;29.9;Yellow Belt;ACCESSORIES;7016;2;59.8
NEW Red Trousers 3;15.9;Red trousers;TROUSERS;7017;14;222.59999
NEW Red Shirt 3;25.9;Red Shirt;SHIRTS;7018;9;233.09999
NEW Red Jacket 3;34.9;Red Jacket;JACKETS;7019;6;209.40001
NEW Red Belt 3;40.9;Red Belt;ACCESSORIES;7020;1260;81.8
